qber,channel_loss,photon_rate,interference,temperature,previous_qber,snr,NoiseLabel
0.08159055354203056,0.2814387702715296,840502.6520575176,0.1040599026759156,27.63671356041715,0.024245395288270875,17.699442573469554,1
0.03245011168626595,0.36174965975607765,1445262.8600609014,0.5058809983502478,32.40425965656547,0.01675193759484559,32.7650352520838,1
0.029175788998497168,0.38194027538572906,1625224.7133482783,0.5371491153706832,17.876992714078483,0.05712405273051009,39.615109539222956,1
0.03481487150387594,0.11131491160321048,644534.3041772111,0.33963829038659343,16.513055383425375,0.06504316637368242,14.095000556374746,0
0.06322193014677979,0.2767040260145842,1065805.1967484672,0.08093270716295069,32.70199643077424,0.08523116768784975,16.41091693840859,1
0.055337938959769906,0.10275466931456174,1078217.322833058,0.2748353726182204,15.618909408208452,0.05804856616106707,34.319850974277735,1
0.09086475945533702,0.18811369219619203,1897720.873350011,0.2231271549621445,28.374107626905957,0.07633114249759014,22.41450590149161,1
0.06112633991080577,0.28150162004479173,809774.3760701601,0.06683895003497417,33.16330269832025,0.08598532995881335,36.14339382051882,1
0.019524702008963384,0.35857989058721096,1800686.4673232734,0.23133663213727912,31.676660961220726,0.05528296818740639,10.310866433391432,1
0.09951307262430412,0.18305592173673327,1042170.5437831248,0.44802127595404534,18.758234206055057,0.012895426430365653,26.076109933622096,1
0.0408389471332992,0.39064818502893617,1215080.7147308723,0.09142685891917554,26.119157171761422,0.012507977429347648,14.55275178701065,1
0.056974345487943556,0.11599584418775795,1831781.230683888,0.05626902566678096,28.144535191092707,0.011783812815687975,36.35385205389477,1
0.08849849379136006,0.11712220941229373,1697318.8062061954,0.11694965141906193,30.533430072316126,0.029670577001880645,28.501802842269218,1
0.06005272794158083,0.1838484709582487,676639.3898006055,0.44573822822178816,20.54458101037611,0.01707864187321876,29.962768118197022,1
0.019844001338573947,0.10173472084679354,664581.5734109322,0.34289633298654626,28.423294619275392,0.024202519570308372,35.573557133810056,0
0.05798404421681672,0.2774100006541598,1891862.341140383,0.4422269265785681,18.27433178898311,0.044354182762559625,33.23866643145798,1
0.051688770976171715,0.3078959972336952,1988741.1146771957,0.4603110530575066,32.30429010735062,0.07754930660151367,33.9526609254539,1
0.03665288679167284,0.3353102837399182,1383460.9307757618,0.28068844206148624,28.36201382146184,0.02808214694694021,32.147734423542964,1
0.055430062772763446,0.4362479097042805,1214531.4911411032,0.39271811362018827,26.26114570319973,0.03308053225444893,31.13130214492673,1
0.04601408940024547,0.18928432097427655,563736.960989495,0.10257828465399432,25.599008389958982,0.05775479243083233,23.361201738323096,0
0.04087417629359012,0.11066652361643543,1810475.4973793076,0.16027933711731746,29.494367546903053,0.0752684219398002,20.66096527509336,0
0.0831841901278134,0.4601394718495786,548364.5558212043,0.261454872195481,30.081018290353846,0.08534691760761762,16.34712566286732,1
0.07281443194555456,0.41963265814279616,1600337.8081016436,0.36369079046432223,31.03482448402559,0.03032473201863272,13.169838343612938,1
0.07133295462357778,0.4665630891086605,937219.6212375036,0.4611586780985178,32.72069951206414,0.08185017871180447,17.180984103255106,1
0.07073900734483891,0.488465826042517,1599018.656303635,0.30847808385083325,23.338633590291188,0.06376855209538779,33.91850782788595,1
0.04981436282329116,0.43543848607586966,718817.2479698753,0.08745354441601291,31.244703186675494,0.054177475053889826,39.66379680649527,1
0.034887887057479666,0.21132346961737022,1938494.3575835982,0.13140363421199852,31.146850465650733,0.06972467690814103,28.109998414020037,0
0.021733508181939407,0.17668887047271598,1113550.6437659133,0.05513752911598433,29.81881966127043,0.011039022450415334,33.64700965990164,0
0.022246678357083167,0.4868122417328301,657893.8972375932,0.500767142487776,17.629109565540304,0.031179680361163038,18.840907553542507,1
0.08488284291649598,0.23919510881724593,723844.815156199,0.36755909693929373,32.71877625529676,0.08800759960359687,38.13211694746853,1
0.02507110568079779,0.3328881188035485,1247151.3328984277,0.5594219248436983,33.90462664632793,0.04115068338497469,34.595054388818085,1
0.045561400476434276,0.25674745767554175,894308.8711643128,0.36066011054485536,21.081343590163584,0.010214072054067333,20.258947341449723,0
0.02352506318948676,0.3787792486646826,1001868.6888658311,0.2883335263518183,20.2572423933623,0.05327615733849073,12.295685396838172,1
0.02184650625778805,0.31146388753990456,995059.7655518583,0.32051515468518543,28.974932362423495,0.04786995930462817,29.52963051520179,1
0.09605075084540944,0.14272276820272656,584644.2882423426,0.3806586204152368,24.224201853181903,0.028467010154171718,18.981687070968242,1
0.09355721023919648,0.4101972604256785,1571545.1877167865,0.09858524469608156,33.99196660732453,0.0360239961076138,31.22748805566723,1
0.02891878130308223,0.28082137576381505,1006593.7435172137,0.18712685899839543,23.152796203757127,0.01883124500849183,34.33483085070252,0
0.05817054116634587,0.46487833691315295,576094.1160770025,0.45991664757442086,24.73108752491815,0.06151764745874921,39.32673454714191,1
0.0338765875264829,0.38534354422501405,1089461.972417445,0.5705132120856758,32.36572964962009,0.02666413789496238,19.532923667898963,1
0.04032693088504397,0.2646444404826295,770843.5990889412,0.03429347583799878,24.077884602179317,0.011685039787850897,39.563505459995255,0
0.03245620525069738,0.30240938485724755,1950913.663637622,0.08689725317146246,24.857778490122577,0.04260671675493694,26.430624808220852,1
0.06780977393180954,0.24278681127328558,1797136.6112353606,0.25997544963383135,32.113325113008244,0.08945431904661488,23.296323996669738,1
0.02189146304228543,0.10387955709988353,1600856.9821699045,0.5093046401802122,15.529269219162229,0.01402159587377965,10.724893285049903,1
0.02771593423733071,0.17555144950773932,1542859.934619688,0.3742004850383078,28.81475072234067,0.03803166748911811,32.72195184309655,0
0.04779160623860795,0.4185631577894714,1859378.2069000073,0.10661438385653217,27.88091256767726,0.031386955073110866,16.913860283629564,1
0.03193958193322009,0.4669485708353326,1104204.3454994152,0.33573306795514624,19.87308896481357,0.045277474396161775,39.86525010055287,1
0.03422237618697334,0.31830347010049587,1287056.2732852367,0.2558415969170257,29.083064612863655,0.04285839217234563,16.89732213935379,1
0.012942130482250234,0.38077986177358814,1539121.6039580319,0.5468549609316735,18.712772262180742,0.0800816695411087,37.64692411016941,1
0.042898917984948964,0.3912778993049386,1353088.6279765475,0.26244863394727386,31.531228078040698,0.04813854897906668,28.096765145406117,1
0.022134484355861468,0.2187627119296646,1519882.8557205328,0.18826639461858177,20.695200470570818,0.0152704121380087,28.834838853382948,0
0.05728124983964653,0.4966852503933923,1868885.7313782312,0.1898549662235897,32.43030089219377,0.019634128768327975,31.91752154987083,1
0.09654292573175417,0.3399129833100646,866688.4406125024,0.16563999399343168,31.41508166651098,0.042833872483680625,15.456825250870246,1
0.09702677847654267,0.17333653418403033,521001.0097499017,0.4067269323891388,19.19454560032371,0.049548908063550806,27.95622849713213,1
0.053836909835490436,0.22383295519670865,809136.8934566993,0.2487476052002953,31.884193397985275,0.05596679507733433,28.86724322295682,1
0.022367677810836324,0.4920884717153289,1582732.6609132276,0.26364567055585886,30.446048911425653,0.04113513940272259,13.337379880232682,1
0.06317366218296575,0.10428168758492191,1589368.6281946297,0.3018014283652433,21.90923577017584,0.017337580312870048,10.819805555185834,1
0.02283079952602026,0.10923857092758725,662946.5087595553,0.1823958310327333,32.1626324690214,0.08545242259113271,25.740040266768887,0
0.022434922481162193,0.2897034609153901,1954560.2391176014,0.36997856701101856,15.4036851638071,0.020978457183969665,10.300944649148052,0
0.05313231447361278,0.23662685086347693,1750361.6654546903,0.3738871518938005,30.229984959706083,0.0841306071815671,24.183583780893485,1
0.021679274376822225,0.21574674584271292,965654.3573572461,0.283876612556925,33.15726665581931,0.043433612910943706,14.433090503196505,0
0.0327889302897793,0.10486688559278408,831947.3351534165,0.5271029621929524,26.255933841000044,0.04832015418472658,15.211889481824144,1
0.07015300364975106,0.46205852563247096,1198674.5806090364,0.1483999136544605,16.901986360413822,0.08913120324373013,12.597778858238271,1
0.053933510805531486,0.35915924303153823,1089229.4519550921,0.07244077924112151,20.412055728077146,0.0699755707503691,23.63908370892187,1
0.042675371421733735,0.23669358596247575,1933841.5824094678,0.1506474867243705,32.09541724408952,0.08013840342814467,35.676932594853746,0
0.02191970085789012,0.11442286302521235,857664.2146336506,0.4470836818654059,20.90891138002474,0.02498572386512974,13.557739039527247,1
0.02263555374771792,0.21640676351769758,631311.4915587776,0.06289995928575616,21.651579371797897,0.04699706912137913,16.076569034672076,0
0.0634463363985906,0.19450144168881095,1405915.4932253677,0.35261589931983495,30.337941391892812,0.04110511256024645,31.06969032443919,1
0.09596636465242961,0.2129606803187581,841500.9307639257,0.2281267623236617,26.694939888198448,0.034715688312758564,25.786455672033725,1
0.03331437497002327,0.25899935612720404,1039851.5227894058,0.4950841229558198,28.697230129455093,0.028160184352503156,20.764274736115006,1
0.017039647284142617,0.1432212733944126,656462.8719519249,0.4643315000755039,28.736016730550986,0.045710035470707844,17.117201774685974,1
0.040809912329194016,0.4830599831520126,1275975.5911910955,0.3921842831624424,26.44606231065987,0.05028410013558079,30.2770449522852,1
0.036574288553809474,0.1760285444378382,1787020.9024320238,0.4779382437140013,29.91075197533094,0.07987425162634483,35.267141824671384,1
0.06222332275608026,0.14413960839705392,1115333.099438473,0.2723539526437587,31.070832616801116,0.05189752797793983,14.326874094563436,1
0.016478783219226228,0.3438295717924341,773404.1390331564,0.11989333412088363,26.239044327205363,0.06750810486941768,20.440142224826605,1
0.055619358275897764,0.48971740388918905,641632.3914789716,0.526612767624662,33.390258888104285,0.08150743183507199,30.517552165516705,1
0.06004307499535632,0.45794396808812377,1436957.3833590914,0.3025653161478202,32.02201656743735,0.06148541700553935,31.348397773066086,1
0.012676310565501211,0.18014012046846184,1878368.4246251357,0.3937458484285847,28.722553088161085,0.08559367492889021,35.353696203447555,0
0.03067701134711568,0.11022421043833602,1756047.0435038556,0.5913013178846763,23.434247068202076,0.06523583727963998,14.687802797078005,1
0.050362906344391556,0.23433780456408582,740959.6986218753,0.44558699486437525,28.124670107896257,0.08262067415591039,33.9024899896137,1
0.08771863389265899,0.3536607904684429,1661339.253972296,0.23398075102987143,26.258481114193142,0.0594986487326332,25.931713044136966,1
0.08166302827030447,0.3148107986805626,527428.0552869649,0.4103527925111622,27.438069307416665,0.026318488295224034,15.019846587996552,1
0.09194418179285367,0.4346465691344289,1672860.0545376365,0.31253085368873723,30.62233333840536,0.06313637822467323,39.10833500948179,1
0.05294788836659875,0.4896986059032383,1396372.2041535184,0.327921257935968,34.57423401971835,0.057385833424970153,20.94481755837262,1
0.06552895079216264,0.10668090040921255,1656630.1460988196,0.42741918533569045,32.849747029974594,0.056305631612073956,29.277738823708912,1
0.023754609022005636,0.28610313285676814,1781033.0427941238,0.2543073691233983,22.452691158038505,0.0581554269527113,35.31311081441994,0
0.07826593372031308,0.396955435064655,1201900.2972891037,0.028915143842802915,28.278475095610606,0.01036464255622172,13.951797767495988,1
0.020785533793771335,0.19947738257634182,921374.1381748489,0.1550302318909028,24.957754474480737,0.0295602422776264,32.44512615447633,0
0.026552673375669966,0.10482020706997495,1222586.4930404683,0.2216228412994206,27.920177767242805,0.07818384822192136,25.040060941174087,0
0.01975151626045461,0.3381801915668755,1206832.4457499327,0.5659040831165753,25.397040707575073,0.011335349891554056,16.373072352868284,1
0.02613333308345099,0.16729366580035404,780375.9252162816,0.25296924026355555,17.121717634644952,0.0879686577162717,37.489424264665494,0
0.09092606563953663,0.4611391043509493,827974.5327922918,0.29352894634871224,29.98290290453836,0.07452212937606853,34.042640894316506,1
0.027049862909248962,0.11316913422737916,1686934.8184342757,0.4246521231109091,26.016252924314312,0.028502085931688112,10.160963355483315,1
0.0936289221026145,0.15044022435362,837083.0671272352,0.5383303066263044,15.032861495813295,0.07634060472073705,13.361426057020147,1
0.07718584735797097,0.2659587813003028,633405.5275982927,0.5534199536001424,26.44497493552679,0.015438820424740714,18.246846830688078,1
0.05918412135214232,0.4771464557080215,1791944.0444033816,0.17234843339978603,28.39391321750181,0.03776316701177998,28.717184990560558,1
0.05638706466727674,0.2513882410744189,709967.4146542817,0.10733820743000519,15.285232630206808,0.07072644103314396,33.93322272667179,1
0.02236391506990159,0.1705554747747321,1241165.2689568568,0.42270798385078523,28.339983277196367,0.054905263453266503,31.0409791299106,1
0.05797702931202012,0.44830433464711616,579241.8936326775,0.53820521302442,18.64688530321545,0.04011192992654708,31.951652553417365,1
0.03394849567781915,0.3142695411777414,1406522.1988974782,0.45271126434112186,32.598093277241915,0.015394024915943626,32.533740658754866,1
0.09213997160302236,0.28856943749003544,833627.6222616927,0.2948215483594688,21.91968739215016,0.0398137650289918,17.436059253629715,1
0.04571591086616699,0.16158097016663212,1929656.3967735695,0.30962880625501754,17.710924428738608,0.08765656978486723,30.971506455152127,0
0.04544916798003451,0.3350910603973636,1498906.78878637,0.3918127469640358,25.886769023180044,0.041134262223441714,36.382984655087995,1
0.023049411660039893,0.1940152476663274,817839.9540946815,0.19944448770623938,33.5926077994759,0.04712229717874987,28.647868556657098,0
0.08788470761875289,0.34484833994008035,1180447.4353188113,0.2216465448841111,17.019979950578495,0.07281053281055465,10.074727623447473,1
0.04118936875624914,0.14766777515519336,957263.8789977701,0.16918747471082385,15.093495745767932,0.016208256538844116,11.213988103904594,0
0.025527985528273973,0.35060694334292986,1589694.0654631148,0.01064498066033932,21.692744754670745,0.04835424829059881,12.441185951158525,1
0.035847792933118905,0.47833801316557933,954915.1990037145,0.2860588580043451,18.184987765758144,0.02578274855566315,26.518082378653588,1
0.019998211360275544,0.28148268988452135,1864458.1117997537,0.20341885500319806,19.190439323990663,0.019441572887360446,14.484673121008171,0
0.020371967494910905,0.2707969206735464,846149.1977338854,0.10463577339201886,18.916643153299205,0.02539700550974433,22.66057051186642,0
0.033514688203166096,0.36420330148967806,1273188.0566362315,0.4745436724695193,15.08379127304348,0.019071959196843534,14.353199334657436,1
0.07283167686376382,0.35927906965260015,1946341.4059663732,0.3966814972713297,24.339042610302027,0.034965220800837145,35.14467530176421,1
0.07534736128390687,0.37306073192595,1885281.4938388437,0.27302067472897945,16.857338427293726,0.049730895668509016,32.67113462344014,1
0.07090324322789723,0.31055508600458365,1907405.2167713658,0.27495058396882044,32.256402581469075,0.06436801957563079,10.750960583472516,1
0.0672237251775738,0.4309966463164968,1718903.4045794653,0.049709351390593536,15.939041232185506,0.053080425291187706,28.62991229824643,1
0.015303852831582823,0.30020608846239094,1116869.8796083485,0.5052887428702586,21.4878130343115,0.035251065083522215,12.500799711255105,1
0.07782456198370115,0.47410306484779574,1353188.7928854078,0.45941094129633353,25.43744465301552,0.07450865636483078,38.13537570293794,1
0.012406208839705463,0.31886360466401215,500641.9235093865,0.011995156726194599,32.67536871622115,0.04197976981360647,22.408134521516196,1
0.016586492607596686,0.37711760911529435,1775945.4899024658,0.5040127582040966,25.00965616659878,0.027877991734083986,30.21635310997815,1
0.09498567280979019,0.30060389070896176,1158868.1809514384,0.12217104708246973,30.314861172891018,0.029950797122862652,14.40571827261408,1
0.014481445493352299,0.4638605162537949,1868885.7080640022,0.554201027345775,31.00972655503718,0.043864454304203604,23.312368817644895,1
0.08516443106836316,0.45472891343242006,1319345.0606344445,0.4385239440169199,24.333125934638336,0.05877527543316276,19.981928805134025,1
0.058139602615288735,0.35095112793697636,1428200.0905687807,0.08701517262113849,28.884663112220625,0.06716135680177808,10.299318576953524,1
0.059206037203486196,0.45654572616012823,1113742.8057447127,0.5368665813789002,34.33114257043607,0.05936926547157805,17.360690631583427,1
0.09486892221231305,0.11576828011513106,1305316.6597808246,0.19479318868763498,30.697291767173276,0.0684380049017003,13.745655641795615,1
0.09234695781480023,0.3754211448272544,1571015.3151151182,0.5283523247690327,15.866772888756778,0.027973283412616484,35.934099395314945,1
0.052560275432552615,0.4243176489374866,514221.50134974957,0.42020432237112537,23.179494604666708,0.05169680680735764,17.664211169477,1
0.09938161229094912,0.478624794399532,865304.6579970322,0.523207846529839,33.15498779406491,0.022288035483020226,15.81705607353491,1
0.01772054690152812,0.34073329186158907,1400023.5029339553,0.27015584628982314,19.333327078825498,0.062492198369536296,26.800681568517682,1
0.027126448330210155,0.15254790932290374,1536634.202282066,0.5609628309291206,30.118762021872936,0.019459898067364596,37.761678103801216,1
0.06864689551227655,0.2516518056047865,1060181.0354297606,0.5653710272810354,28.820856265402043,0.045745730822104876,25.360793810432583,1
0.011143719834149272,0.10196616964790338,628279.7338026959,0.4296823975516778,27.01893702219529,0.05156236378782337,39.337840948321684,1
0.013804138171806118,0.22422858807247215,905472.2871452924,0.007263205019963892,16.618032858548503,0.04981304954719939,11.736329199656,0
0.05296560470815226,0.4555541998256859,1013982.29188481,0.20971539422325727,34.19590777011288,0.014489833800653322,12.226379848904134,1
0.03332052350908802,0.4345620729243198,1192497.4006990169,0.026265377983576508,22.332701170272763,0.030949674709288458,11.333143405767547,1
0.03883577511678436,0.16021438162600887,1599405.8153656826,0.0003822280871164318,20.26644579069414,0.03726975943329119,36.653460386314876,0
0.02428136913990371,0.10488301085453244,1421126.1597825908,0.17158254469837855,31.282804416383566,0.059673725781709645,28.645165514919427,0
0.05167080387221997,0.2317679732018664,973796.4459225906,0.4337219865459002,34.705941147315855,0.07017695061867692,27.108410848454998,1
0.0749761317144189,0.28308810694715586,920675.276741635,0.5211633051632518,19.59747161025581,0.04801986205256424,35.324071095453746,1
0.07606734392196428,0.4719196456717131,568252.7841119979,0.09218740720482028,23.617701758701045,0.02799025992578734,35.25911316254759,1
0.025119272718572293,0.12331615091133755,1941942.1897465778,0.5375392118390365,23.98209633022529,0.011420075974389885,30.65185751539303,1
0.023999431536164517,0.29134183133360714,1183889.8715964935,0.17643698390069104,23.97017073483383,0.015004368551272958,22.942856357687702,0
0.027852879903556158,0.20282470380090484,1232696.2973895697,0.06194433313178995,28.855079187699786,0.06837274279220455,10.484576765328423,0
0.01778733409684981,0.17058942085021533,901753.7683855649,0.15792929985655962,19.227083209727848,0.05085786062140889,23.910573559283307,0
0.0902421037487836,0.33807587047477716,893786.288836784,0.14121763673279145,17.201159747471383,0.07549825712324236,29.00267781860011,1
0.01550143791998844,0.20033029054077056,1130174.0048368787,0.04778499056450318,27.997677291831316,0.04758137247180357,15.773459810613138,0
0.07839292298300309,0.1986646839223894,1583996.3762521576,0.27154216400708964,26.36752991815707,0.06820354274705498,13.073662338388786,1
0.027811955190535843,0.21155239105064905,1432419.8544766728,0.38733911910404273,29.96153294783602,0.033692389000255805,10.316201411149894,0
0.047647079922104645,0.132832769254552,1995031.3140184327,0.22683866469029698,30.753482160824344,0.023819085424391283,10.005786821393142,0
0.06449868088246673,0.31307548618567393,1463072.8269634624,0.5350081514231522,34.037446188596235,0.04948010244317055,20.20136096169459,1
0.060105667191084816,0.4457476212331003,1081419.4685715018,0.4078102950724963,21.97969342358303,0.029984787430472254,16.26789031891429,1
0.04889231349621417,0.19285478737398948,1781624.8153257787,0.3264009234982446,23.17125628466497,0.06303458934311751,22.226068607362787,0
0.031018203848033818,0.23057710089459454,1260772.9633776913,0.1020070893766724,29.936945435315494,0.02552681968313733,17.49726643529445,0
0.04238549027666361,0.46928207147286993,1083594.1970379145,0.15565231540559682,28.13159985449862,0.07536154397320556,25.15165881202616,1
0.013839666920963525,0.3011257447044039,1788881.775671199,0.4290218115287728,23.429842006783208,0.07941938549755753,14.125312034879016,1
0.03436744297307856,0.20442324350629426,1417679.646917535,0.2499538711566716,27.831033699836873,0.012834549717860444,20.13892889363059,0
0.029981888080964067,0.1051550368051423,1624881.57957411,0.125601836412183,17.80006431969679,0.01251120693371579,37.013035198015466,0
0.020207752369380258,0.495987925260146,1404629.0197174025,0.5660636701234126,18.55483590158645,0.017928391353030093,18.687041308816802,1
0.053456674241163106,0.3623200695397252,1133867.5616957536,0.3105803913683582,17.688000727246816,0.08119631846584723,19.982178127048613,1
0.05357634013287693,0.36767822894086466,1434067.7689090867,0.5576785733441202,31.18615063578011,0.019188434813468876,26.76378344060745,1
0.09255216540369904,0.25942550768611683,1738056.3696673054,0.315933796162619,23.80773885143376,0.018328317532131707,14.330737379831984,1
0.09172134697259203,0.10364329539225033,1598455.5514065484,0.2680231149508823,17.00102822452309,0.03622338950770651,26.058672154345924,1
0.0360444594597185,0.25217508058155147,1749589.6252874641,0.3236233085974602,19.49464012512668,0.034264121566688815,19.19612463138803,0
0.07992982588342801,0.16498983912348986,694632.4873281121,0.39135445207090386,21.26593755080426,0.08803088066489322,37.94939174124988,1
0.022734594978468865,0.10671792154801629,1259899.7942769798,0.23754462904195975,17.287949800532182,0.04464411479929299,20.318413944059486,0
0.020142057278244915,0.3930780743876484,1963118.2193411938,0.3897516634365024,33.974209283605056,0.07994191988812484,12.268932727718528,1
0.037790054044369505,0.32230751627663645,1473624.931370771,0.4245233355173212,27.1197619929638,0.07888113408688392,26.35592265223699,1
0.01427316617645788,0.3526509651652442,854563.975221341,0.2102019195780788,21.684266148281885,0.04852153464686775,14.075734666106744,1
0.042398849489763385,0.232725935143134,791928.525865089,0.32782790744343243,18.39487517119699,0.014042127506199879,39.403853481829856,0
0.058828272034081495,0.29388239189774185,963593.2073949674,0.10877056441756476,30.033645096334965,0.08903023673644679,30.102282815816245,1
0.04425075285853559,0.4132944337303399,919521.2950633015,0.5623458898526799,17.88480702293946,0.07751730369051173,39.134703801050314,1
0.07232273629808346,0.43614399770892165,1608441.9144773684,0.2768065993757047,30.938306042315055,0.07320957836372959,20.834332920463112,1
0.023703286573736007,0.4885634355436004,1356505.119430106,0.36397559527662304,24.366006690597843,0.07254014800713716,10.060046292888678,1
0.020843230877143806,0.20225824158348096,1541845.34442998,0.2976189263417254,19.68391489398405,0.02289617268159809,18.928144541495314,0
0.04331456761995091,0.3927075437256208,1569111.1258831162,0.23427251680807684,26.692438921179793,0.035533554635431196,35.13435243948881,1
0.04868885469199471,0.1526746154171691,896668.7050014213,0.4035785111163909,25.08578558665242,0.04667066298138637,22.28064376433206,1
0.07258723847123115,0.26954907991798543,1500223.7114144065,0.537596358476744,20.696123893311018,0.013060445646984907,26.023103781018328,1
0.0698372505401675,0.4037517694801265,1571882.7988335153,0.007457227118651377,22.840841184907703,0.07837560796155049,16.507124462107477,1
0.013990558916814652,0.41422273282163924,949294.561239282,0.5606031362381545,30.311319225491268,0.04129089709431951,21.22022366334425,1
0.02270754251757516,0.3074173009442052,551231.4783134004,0.37260466432209227,34.38187575646355,0.020858535156863055,23.752211401950888,1
0.040326804814581695,0.4981204239190058,1536556.088809126,0.3065280533705455,18.827555942564963,0.03238511947810323,13.130785631824867,1
0.07733188280833059,0.34078517724131285,627924.2108766184,0.03951335274007408,20.900886550286245,0.023538301874387272,18.24047315956305,1
0.03199044651219782,0.13870485372868677,1446662.9883474503,0.4161430242779969,27.238188122359283,0.027985657493289857,24.908282392973778,1
0.02012225583202596,0.10048798317813112,941674.8310497301,0.2024235224724358,29.895253224774017,0.07441962268629829,20.287933981061634,0
0.05678449735371905,0.2087206546607596,1207319.0629973472,0.1982220685237393,20.17875497784882,0.028444096249626655,31.47530666416616,1
0.02443607172619843,0.1871970939417861,834982.6380265433,0.165045284699088,18.604773823765502,0.07514643698844843,28.28478637358402,0
0.011381530895397778,0.3168127028891121,633804.5742032108,0.18794338249344936,34.05692909549674,0.0851747285617599,33.114309669920004,1
0.03164880035836222,0.13424482543368343,1799385.4119357062,0.1530816118284122,26.132093279713573,0.0652562889672084,28.003691969127186,0
0.061700780690360425,0.37433317687500833,1120405.9583718008,0.2799582040254506,22.351367084398554,0.029522050634567504,10.043523824317974,1
0.0642852193708018,0.2418611616487402,1930996.0269131225,0.5457255567362954,18.549331130968714,0.0218172836797799,30.905721045818705,1
0.0462339932473407,0.3084246969901562,1783689.7023036939,0.46425778600491147,28.338090547156764,0.02419823776623111,25.165383129658537,1
0.09741024759936785,0.17721199793105602,703219.1634106326,0.18494051870505165,26.700605336640695,0.027990659832251776,31.323828297810234,1
0.08556628191432346,0.2969027454079014,902819.947499411,0.073204454989873,20.24112073599542,0.06064060231714241,25.329219030010584,1
0.05063256841741894,0.40336473333723755,1614888.77322912,0.404686682732787,34.878190306916586,0.059794667704399035,22.784792833559433,1
0.06165566324079199,0.11436518903873859,1033640.9946406363,0.051801636520317086,29.332592920691127,0.060627905439079935,28.178775599083615,1
0.042316116569764896,0.4843877617212191,780952.4882258709,0.0580853314958472,30.88065870393252,0.0527354220569207,15.964246087475827,1
0.07477833715135489,0.4239964261748127,1357087.8362367244,0.16139844481233123,27.75142513925799,0.03639939031599706,21.96623982912019,1
0.013466412989938562,0.24306579205907508,901749.073968385,0.5750815625887514,28.268077575351654,0.014105930230757941,37.17026309953552,1
0.0431625463543666,0.2532434536485693,1605504.3580480167,0.4601650183884643,27.508128219807602,0.07531072415293945,18.17491833628943,1
0.05268560325824668,0.27938351033514597,689522.4791193851,0.1616191806128605,30.390685132486112,0.06864156284340335,37.57139037454479,1
0.09748642670074462,0.37946857032044945,1633587.898606095,0.15394396948346029,32.0805295292938,0.0566416887926191,21.147163275000164,1
0.07385032396713752,0.48826139830555093,1203081.8579468809,0.13804195232690686,25.585021430697378,0.04151722389976275,35.26706911851118,1
0.0852677861509622,0.1943842927897091,1088119.3245043966,0.04877917897176615,25.560676537003417,0.08622521642870003,13.318118391484354,1
0.06438056094309738,0.46008796656142015,1766144.8844741127,0.351909151453677,20.859981678575952,0.03134171106240139,32.85968332177141,1
0.0837408719162376,0.1260149260839019,1057050.7565849137,0.39132674510309673,26.942570386752376,0.05465000988423601,20.045489907067417,1
0.06073810594689767,0.4322006819123614,544430.4674100453,0.3058363236459876,26.636485489430545,0.06431275574667965,18.51118218749757,1
0.08558924762404457,0.22491596206417183,666786.5953051822,0.3504240353373484,30.906094164258874,0.061510009959450815,22.331881036398705,1
0.027966579960034495,0.4181721975083559,1347639.6014828775,0.4510733781893024,27.804240334091425,0.0432355074971575,21.94556414856882,1
0.09513435458293637,0.4530696224235634,1337145.3642349145,0.3066011638623051,15.827564294540759,0.041260919561374475,39.602084429310864,1
0.07927530136788914,0.16551534067614462,1939606.1743949498,0.2086339267828776,18.839105877303222,0.018879601282345393,16.21485625083791,1
0.05525982250182505,0.24805846687162825,643429.8821801408,0.032358822828626656,24.70601706469369,0.01170835720838607,35.18676929792507,1
0.035955103827973754,0.26591934484041385,1512979.8260832008,0.02371168204807108,16.13567920655643,0.07442435756599407,24.92599077388738,0
0.04496188758320047,0.11971128469522925,1796267.1923230707,0.2997773915780608,25.023243023352443,0.06183494934195444,35.55539283305017,0
0.04798321795396134,0.19646809548897984,1002875.279065586,0.056157906139615,20.095004613622706,0.0696530988590736,14.131236602605426,0
0.0467209142446879,0.14828333551493064,1003183.8395008226,0.0842264234139813,18.324850193883137,0.06658169934821535,19.257012543899272,0
0.07908672122463704,0.18069816025243118,969217.2493776712,0.3990383535359573,27.2879889103749,0.05136829467235484,33.1437425148134,1
0.07515777607585257,0.25428671404698433,772521.6293576567,0.5385629913868643,26.594358111830005,0.07301388291553991,14.576416359248784,1
0.05883555622837013,0.24633188528531363,930610.2605836655,0.2762654129232697,18.663664339601,0.08722491824236303,31.849392936056965,1
0.03578213273150359,0.291851912663723,752762.2351508685,0.13366902470260128,31.39691787304393,0.01450697763224408,35.87825273178948,0
0.05738393812432051,0.21722680924340387,552180.9389769586,0.45028778760573973,15.359967201950033,0.07732876964084781,31.625856791966918,1
0.011017575953103619,0.4948990458350754,1781436.082189819,0.23727508603913494,32.43956706691037,0.018605402544091723,39.03561237170268,1
0.08582330497170718,0.4538325570036773,1408715.9057398576,0.041309118557806945,16.08059297848705,0.07516979481746844,24.804246568864507,1
0.07232273746861197,0.12927273351351787,1267840.6821840785,0.2848048510561821,18.92173323788758,0.03888518884827241,38.774858324447145,1
0.05386643790948389,0.33727130982930154,1541999.010326738,0.4611300162783158,24.296523370949956,0.07065810845197901,15.716006079158204,1
0.03315255685686429,0.38625162035545246,1191483.2927762293,0.246282837116141,15.749515804724734,0.06456486150195304,18.241623030618896,1
0.027917985483531103,0.39857439161390495,1545107.0620524269,0.47158833164378683,15.855935938256048,0.050122628311679775,26.039319530487695,1
0.09546982158043092,0.35280841990726763,693561.1205109792,0.10598069902284639,25.469366954524695,0.01656070627910914,29.10947750448224,1
0.011626207822134393,0.4397860782573698,553473.2058753547,0.5129715908790298,17.6600843204283,0.07505795811612065,32.81129555440412,1
0.04134454268903747,0.42113355375487815,1179770.4892770317,0.1468856989607266,23.302761198617887,0.06567306752684071,39.81035396260634,1
0.09943668543617887,0.4447409870569541,1687745.8291888281,0.46245056491512393,19.64928882405038,0.039455292863745786,13.579929744782335,1
0.0311037124794011,0.10053156793517203,1406154.3553264523,0.1670315488346468,30.618326166764742,0.038574052142190354,38.974567475901864,0
0.023646882305158105,0.3894831246669961,1759260.0814719852,0.19299520298552875,23.06581673155311,0.07302588616624442,17.43113257526728,1
0.03231433405721639,0.47352287469839316,1798339.1521840617,0.019654991151965694,30.63376121100897,0.016333003202587973,38.52633465296576,1
0.024145695228785943,0.2289147242742402,1570755.7782642294,0.5411674866031314,16.602621969569665,0.0393877308296239,23.267945502457287,1
0.04677862307457333,0.13183863725984002,1516465.227668479,0.5428070034249873,17.89916374270222,0.08592339814750047,23.194611544001177,1
0.031143493195920427,0.11412041474139278,1897119.0987572165,0.29549459763984903,20.40708063574589,0.01701095370269388,28.681750013592794,0
0.08968975501161586,0.18108278235144876,1480989.3956621073,0.573175489908448,30.471717138335258,0.06925287376883914,20.47947350137416,1
0.03538961192735852,0.43163785311754677,1265752.0673124022,0.05634157215249471,16.423736587872526,0.027060717952336402,34.95478570622245,1
0.0277957443867015,0.4494523358739245,949246.7245647837,0.08173442628570635,19.567622632349725,0.05317097252420666,24.46098499770571,1
0.0660330345754283,0.4342705383777009,1145557.1831449508,0.2881165394083606,24.091493125777212,0.024000062270303636,13.766798483796197,1
0.04504580071648785,0.32419377088466367,846366.1295907749,0.042029648846607336,23.12088230306656,0.02002015207244618,10.061709736720035,1
0.03660803561631159,0.24080014761297341,1445657.176149948,0.4802211198561401,22.841292926900643,0.0494836270686096,13.779200223938899,1
0.01874415690938936,0.1452673643316591,1902975.856951537,0.13189090326239247,15.958709902753982,0.07444669622182455,29.68999646765465,0
0.08005438403708251,0.36554044966548915,520711.52000641334,0.410701990134218,17.42179372183487,0.07800864599956037,18.1969416278302,1
0.03916136151138211,0.3925332787821598,1541490.8984958422,0.09976230917173257,28.253103062459182,0.03563801395381937,13.124460890668866,1
0.030631959933808163,0.4807798163702245,1863108.6134975634,0.5730850052996406,17.458363763028665,0.02859577038292819,26.792488806183645,1
0.02339943676770717,0.27094188939286523,791253.3518383815,0.32413965778064313,23.08402935795444,0.010623568644396357,23.549215613297008,0
0.047368037212799696,0.3433368524964395,694525.9205318541,0.18106814902811214,28.531565878200777,0.025548287350928074,31.088847616400855,1
0.07030297844659424,0.42548359137369585,901715.5027997403,0.18924052285343002,30.798162265512868,0.038415050807614336,21.625274842020808,1
0.05849879878814978,0.1598113830018435,1526956.4284450992,0.5092156737073479,19.786823769102387,0.052230849824641344,34.57091828837132,1
0.09582432263514723,0.11191006108929646,1287435.1146184867,0.2569068328328093,25.56685398622212,0.024922905077489094,35.83429991186051,1
0.028121939341726375,0.42220818918388414,1194527.2065158896,0.36177670674059315,29.311055691028972,0.08160092788644677,13.5681066317363,1
0.09458397145062405,0.12157769755548245,1683114.3182672004,0.21789713873798658,27.3580161226561,0.018141237676963858,18.744556561983075,1
0.011783306687290294,0.35813284187540084,753074.3660375949,0.3011225838695897,21.90191433979909,0.036834861596243176,39.353630755720886,1
0.010248427262700366,0.3935865090924796,768675.8241990466,0.24518028746530765,28.27843206103777,0.06929230234011995,19.93026345638443,1
0.07984741171068052,0.48448062330733976,1126588.918723199,0.44528841830053356,16.33742936203533,0.06367546594600149,18.845890580467575,1
0.08076309751116398,0.3455489751583747,1428827.1205855915,0.291783928028425,34.45040711517929,0.07632724240501523,33.0292643750197,1
0.08972673343483077,0.21016686333163,731159.7449865231,0.5443766417360645,31.109487093742075,0.0829957688989036,12.69890482806389,1
0.060649798997899684,0.14661850592007122,771365.5592098888,0.5609815868889044,24.718210359549907,0.07055831783489323,29.238287840439305,1
0.08462991395680539,0.4617610444142225,1872236.428351915,0.31368948540839775,22.11603647318344,0.019130025351610565,29.786985552421008,1
0.04839620376409959,0.151906920040569,719872.1050637071,0.055280700839101526,16.105995680924433,0.06033783019729628,37.58679100483276,0
0.06024341792031559,0.15044309263980205,1430824.425415432,0.4324574754453012,22.205596697201976,0.04082965533433463,18.733741765863066,1
0.06850645073244108,0.2647112930757246,1243470.6768057544,0.5330021620922337,19.60612196203298,0.016752191465432,31.534172733974557,1
0.09691908832729343,0.18814478095919487,1525191.7922803895,0.33050873984263524,29.772950694510506,0.019736294574677907,19.801460174407048,1
0.03719259583973743,0.1642338781626625,974887.4832356377,0.05358367533534649,30.974831488062115,0.0705532334189641,17.640857066009968,0
0.02791970499210978,0.18321694811647996,1956439.5276592618,0.42188742267882834,17.4045438960438,0.04483607310229075,39.88041162195925,1
0.04863110422696047,0.14241870760959463,1869280.4903899399,0.12926572491798607,22.13249163059988,0.017608402999151285,13.964842046562989,0
0.06467862240399032,0.48064297087897045,872672.4468133433,0.32498105669261007,25.538247852474484,0.03504278158077192,35.6055292525018,1
0.033489852563026196,0.12722878516682076,957317.4451460631,0.2265386917360498,29.282263446527313,0.04155590358728323,14.3632733838374,0
0.07926658745005277,0.4015188349033548,1397086.726730511,0.24928121252140586,33.89948539926063,0.06833849267602723,28.510095459719093,1
0.054914040437025705,0.2887962639185142,1341009.962659497,0.5233811027468057,26.244981883369885,0.07561333248631495,38.96596222921501,1
0.08766662889283547,0.3674903714864144,1055201.2986703583,0.25543880703564953,15.946245390806439,0.07285117359921417,24.031763116969195,1
0.07848685171062664,0.36817953965017436,1776146.386169306,0.04711420344713391,19.531252186979625,0.08001365384716097,30.814458811246173,1
0.026204008059134712,0.2007938049241906,1008754.3682462237,0.3645026514922627,26.36959987257839,0.058004347326852994,21.876194565897393,0
0.019788887255288087,0.3569426344336163,826922.479070086,0.17094260964625924,16.43919085394031,0.06810828840549453,30.55723887904065,1
0.0929540550400892,0.33441626846125394,1228272.988324787,0.31204665029278467,27.058948928915818,0.05717528876016731,18.21911696196168,1
0.015016719121624687,0.33122994661086924,916953.6886208819,0.4241978606398892,17.66540070455229,0.08226749085385623,32.281035547465436,1
0.09801283949374627,0.3213657130085297,1573724.8540856822,0.24226676145401815,32.007524579170145,0.05539653187021171,23.34206346203012,1
0.09272706156760799,0.11357358428692357,849039.3266799088,0.07285473570815319,20.457558886352917,0.06996768185872061,39.933971556678294,1
0.07380581555659506,0.12217961040748776,1922719.5941681098,0.3409015603575078,22.11693009609138,0.045770016783602936,34.09380066610312,1
0.08587676376296709,0.13194567944172972,713408.7795439756,0.5223797706886963,21.749335866885104,0.01334041781749587,21.92548851924491,1
0.09220638540365948,0.30081261249755975,914522.6425589779,0.10329710490599942,27.030855900236553,0.01951175062688356,19.858004042256738,1
0.06426429426660304,0.4437202008907136,1394271.895134144,0.19269460817343406,20.151337154682317,0.08614460789551513,18.30715346094158,1
0.09342262871175833,0.22695920058999813,1791629.7841320178,0.29695376087293585,15.64108007919878,0.05319187496982977,25.673478193458873,1
0.03624632925763118,0.26682790802267764,1617783.904767438,0.25030866339758223,29.20290782393628,0.055294661032270924,16.39885175383265,0
0.09179654381105723,0.20089084706618704,1101103.0218024235,0.3015914965131854,18.84140501508903,0.03619184591677004,21.361410156683895,1
0.07408330070101833,0.4963489069074942,795725.1183824979,0.23939579659969532,26.6546808304303,0.015171090517193626,25.724990998286174,1
0.05946441033497756,0.34476843754209235,546271.143043514,0.18901778253104765,20.363479090099666,0.07834500980038553,14.902294208402157,1
0.09883749046691012,0.34497698211169336,1870919.162274251,0.3668588365674836,26.732069772643243,0.07025884407350724,10.57131275356155,1
0.017252207957541555,0.38213132837899677,1654099.2472532704,0.007868435009045438,21.483282520811038,0.03110799932386457,11.35873206609223,1
0.0793612771259927,0.19907009427412406,1042743.1354001226,0.15564786676160658,18.336198083104065,0.03895788567596469,11.776348576418611,1
0.04446537581188644,0.10186894487786212,1872056.0567372574,0.5469794033306495,15.74883877446723,0.07632901707904664,11.478223654231408,1
0.09327942227280192,0.46327587798734493,745890.8469651402,0.3810173125545793,21.60473672005788,0.03373297234541,28.836233238930138,1
0.06855393022294672,0.1986327391056476,1049169.8355252256,0.0007304826091422356,20.161482721637146,0.05829772125957432,33.54190594669979,1
0.024896311399825493,0.2542577370604664,609978.9329266113,0.17632920903037835,23.78999198670163,0.0431529515231167,23.0747823809475,0
0.04320627940527483,0.24077599368541827,1493730.7137217778,0.572361439625196,29.33282663841252,0.05017616032576956,24.063878845939065,1
0.055965578441936635,0.49053426996013705,1716664.8198047671,0.45010300600070746,21.899062131002502,0.07541895618557751,18.42079222986979,1
0.05684374770137544,0.3923875507540312,575633.2911315733,0.07798323081967659,21.343812793741336,0.07654287676836662,33.581196671692965,1
0.06586569538041075,0.36230055769948366,1663724.2246313707,0.15695566123666682,23.79727769498133,0.07920766520743677,22.932596411921615,1
0.0670044241524215,0.3846821311957114,1303321.4833370694,0.09633077358676556,23.865670037587066,0.061643359808167195,26.83456713080306,1
0.07007582929256344,0.4924095492686854,1659824.629477739,0.08997175815785459,34.997032083609334,0.035328872513175694,32.127164885712205,1
0.038622993263834955,0.28022940422351006,1109385.382886331,0.2423554086022388,23.09360228939037,0.0834865275082438,27.707824189046907,0
0.023913655642342747,0.31078824478765404,1461575.7240768177,0.3473530999235573,33.18389105675908,0.05672612516706935,17.45738407088863,1
0.0502527429630008,0.10284518704589268,1111283.4937850193,0.2393979257060023,15.851228781999287,0.07954386849525436,39.206901694833554,1
0.0999980507138088,0.22882718287642867,894160.3781734315,0.4211725522039227,20.83175936323382,0.06940461331256649,28.354738816288403,1
0.07594450914168663,0.42511852330385924,541397.2084102562,0.38038382865861947,24.769267496113578,0.05394182212600182,25.075366386117935,1
0.056517843009972084,0.20816421123859832,1254558.0648703002,0.4326528399720012,22.208418774459012,0.030238058132376955,26.70969430517918,1
0.014620254689821106,0.31727460174120625,739705.2625172173,0.20304023308016592,16.19239061561161,0.04615814269726037,37.50555605570632,1
0.07557733779036531,0.135711376660847,1423004.1320273294,0.3043771427432569,21.525395498059332,0.07567644383297958,20.589400064421696,1
0.06285083832842286,0.4031797950862446,1928724.942605118,0.2762271719250345,30.62732407142995,0.08827788480962523,13.099435963588768,1
0.048034244581066476,0.21060837521267667,716353.256281143,0.49327414902260913,25.908708882980104,0.03865772461456796,12.88545693901396,1
0.06099682202417459,0.18029551480551423,1969274.002148367,0.3990072619245204,20.739235898004655,0.08447842746995589,35.07635108418066,1
0.08281848942605244,0.37768729931341716,1194974.8225143694,0.22856762913412243,33.06073289207821,0.020228724972521865,18.699238226034225,1
0.05237046404240136,0.4756000754295757,1634813.7551185822,0.550933610572893,21.693908211683542,0.060461754640424074,22.40185976383657,1
0.07869983123178642,0.24935019417100107,1247214.3036546337,0.22749805818418278,33.355147908756024,0.08378273815797585,21.71897675248703,1
0.03772840849680113,0.15621869657552045,568931.2027502785,0.3845982239288682,19.676751273795528,0.02564118139750473,11.29892972244173,0
0.03511967839329755,0.486724886637254,1001708.2082846276,0.26872976131706855,34.70478272133087,0.026675447638936332,13.8979763908434,1
0.020270470681818836,0.1797426841750961,709779.6699344206,0.0831517470870442,18.489726831121235,0.010765507585427745,29.34434584455008,0
0.03447982191817858,0.4960601287992945,1977804.2783055743,0.11331827658349393,32.6819296436945,0.06568294436405775,17.44216697038961,1
0.02558879417594646,0.1583993809445201,1538603.0448082392,0.11375487340572363,21.123546465346088,0.0200272412063829,13.79171383001444,0
0.05690258996509401,0.34053819757263826,1954089.3113322444,0.3197226850537863,32.150726594733996,0.046865145561708614,20.785839747288065,1
0.09957867569882127,0.3388461692827198,1598231.0768781428,0.12345497147671548,16.203099321810083,0.08549948379268445,28.252090665401553,1
0.035601507139015665,0.24504327342948448,1307263.4135876575,0.3847498741658032,26.070830697814074,0.04115118146166722,14.202577200495826,0
0.09416982559336362,0.41414182383184006,1950487.03531234,0.18114755800276533,17.284473123936163,0.08017884348989804,30.413335072070566,1
0.014709647607848212,0.3352429212316925,807428.2064014601,0.5979212448586183,25.757698667606565,0.06447337231153114,24.622902605275897,1
0.010030951502905434,0.17803549552339684,1899603.9945199466,0.5767185671155862,15.43487286728612,0.06041305477960025,19.88326608350383,1
0.020941687561728976,0.17862080801565586,726731.3103148558,0.2559945858170965,27.29136157754664,0.03699966617502483,35.95691372313411,0
0.09373309770291466,0.24598513734467675,1474894.3160575207,0.1843228802167443,27.916872671342887,0.06218018422840615,25.602715116012092,1
0.06933341679201413,0.2787899035069592,1727391.3371718528,0.024113181879384448,18.283597660412397,0.054979916996408855,23.187507510631164,1
0.0567834469984744,0.4338913476114321,1339149.1851248047,0.44760940059858884,34.91958553761458,0.057645958391351,39.16664621343409,1
0.06543480478866057,0.4425331611519362,797922.5291868222,0.32561317918879784,16.397373429934113,0.024498805418402263,18.233541035384327,1
0.010868633415837962,0.15931063523132247,825923.1707739884,0.3623981141958809,31.771440894243902,0.08491464819590944,33.197155934307105,0
0.05982944652528682,0.12328963470267072,620269.4599603051,0.34223463482145494,29.775736597889733,0.03056602893618661,25.53253105360801,1
0.040959523368736636,0.16299348032586164,1062143.3554888743,0.4450147357908589,22.1467851809506,0.02604146441027265,26.802436042190955,1
0.09257724943299775,0.36620842594428105,1445771.7916642542,0.263168190993289,26.99595915255653,0.03552273908459623,23.391987964378224,1
0.07303231438521013,0.4726621859634268,852243.1275749655,0.021290508602593627,23.828071844002686,0.04366430625329634,11.467470245320625,1
0.02562770376847219,0.4031711894342521,1986131.6145805982,0.17797300650211645,25.7415831926595,0.061698023740066145,14.93428676373128,1
0.048372290827447026,0.1679973056358323,1014728.6739031526,0.5728253016188272,22.7755634376489,0.011263744586412746,24.043864868327795,1
0.094019696934965,0.32691978210744277,1703314.8581188791,0.5252417988762232,34.81886423514075,0.06523272669102746,13.06215958928571,1
0.01956441700159753,0.43522999868129253,1177797.2278291655,0.3476073709345565,23.87264753759266,0.03667175305097694,25.40808744753926,1
0.06826722548831475,0.19588169806080102,672853.1769732464,0.44208905851047636,28.241484371920166,0.018886628464747597,25.071474271756315,1
0.030730890269473052,0.3898592364653398,506370.6268888881,0.5583823880548328,16.119768594694847,0.028082113300343978,22.460039550981925,1
0.030096817655699958,0.47539327628171424,1632766.5183754629,0.14594425973937775,30.78854071034641,0.07071983651524497,14.056005513243878,1
0.09104621561234495,0.22863922225322236,793323.6783183445,0.16328345057869637,15.422567372725602,0.04770620493095215,20.490877632781725,1
0.09886192953359801,0.47127990656091223,1405687.5735217012,0.23217965434483484,22.481931745814236,0.08344551747137802,13.126058078594227,1
0.047003944049228724,0.4762231996342652,1358189.8053308753,0.1304836836371222,20.482788269279947,0.04663092069041834,16.59824221489907,1
0.06205805972390657,0.4270769848994581,1962135.0311064727,0.18701622763966821,27.910328753995692,0.039468182194525595,34.261019314230936,1
0.07251026083809818,0.4140257634888843,805252.1205306933,0.25816933861071817,18.602731919450882,0.06731412811128698,22.727846194951724,1
0.08094560099185888,0.42407730065273164,1046627.7806040664,0.0895031734311943,24.61235966698723,0.024048076059301843,11.066977995426795,1
0.023696650475093888,0.43301254552646695,1755626.424756251,0.13486437505482268,28.222016661907407,0.06276285793636317,33.130367856519584,1
0.07340121185461726,0.12429711211435511,1160667.222728009,0.36303549038414756,25.624488904019397,0.08289207318247183,24.184551726810195,1
0.052953322080236044,0.44660843408233064,717880.7840860389,0.201055732794011,25.558862606460394,0.05308073514046479,21.177145384675995,1
0.09663757334641872,0.2540804575313681,998956.3990197678,0.2537097654041005,26.950602401421243,0.06831114640323396,36.976939252412016,1
0.09862127064148103,0.49729708057511146,1934161.4514529414,0.1384367570861054,29.61872887783881,0.06586225367547081,31.362650869112887,1
0.05062796941604978,0.38714111848627775,1575040.4167971888,0.1434324884203024,33.60620678128857,0.07316158260813493,29.48921018418968,1
0.07439662690867131,0.3556091489691986,1858426.324431837,0.2253907808910569,19.455117565558933,0.07375240144830353,20.27458726174214,1
0.012577919516149848,0.47349041923225266,1006368.5771155868,0.14893292913082448,34.20587836517353,0.02569378869651074,33.068924469970405,1
0.04886513076152586,0.38082902736736357,631177.3056883152,0.5748552314070515,28.37341331440085,0.08658555879863523,28.54018879372727,1
0.08002727816750414,0.2858425642242227,708779.1254225599,0.03220529671416079,31.2549062816117,0.07454809812823004,37.270458308299254,1
0.04440382301051329,0.24237528560968036,1355585.8694585166,0.41879620974302806,18.52169359819005,0.03717517919986735,15.925385253513173,1
0.08419956743403403,0.10907060574863175,1265859.9014505707,0.3746400409782104,17.170263932170425,0.02719238537573907,14.85985757801747,1
0.02248042293585855,0.12334449747599315,895614.5568041371,0.173951095560026,26.80515066563366,0.08402414914364369,31.829740838839005,0
0.08714236215466328,0.4390194859104216,1966393.766047434,0.22068560972373566,30.627651385345523,0.030574014130237928,37.41704653912664,1
0.018916670714819173,0.40267519978958133,730033.3516315147,0.07520615755857767,19.75271921821772,0.06736579100133869,25.09629146504277,1
0.042300325165197564,0.4752959697558633,837985.6956993942,0.0585148007240966,33.717756637486424,0.052960185507523946,10.602021571671626,1
0.04791290851318768,0.393481694922833,827734.9933716541,0.4808562909295554,21.40281226884955,0.032816756711499966,28.36750956018501,1
0.049001287745469586,0.12980271143158562,1585829.8798689148,0.10880965352611895,33.73869128137694,0.014683764791421075,30.937407279209086,0
0.03313981918514485,0.3592963092996816,1549826.1125516072,0.10596724153951169,18.454510118336962,0.057905082862830005,14.752449885581292,1
0.07789905290318055,0.38912173715292375,763567.0106837011,0.4548155023876812,26.22637728021197,0.07791474612004286,26.188708715480384,1
0.05773195305913986,0.22902984992471281,1681208.2238743734,0.3156104181113361,34.61326177285928,0.025563205906472326,22.245824192930925,1
0.06028927013004351,0.12855187412596913,1891110.1900418857,0.08903195368327121,27.227703376711894,0.0814883827818834,25.282629056528673,1
0.09158808836861233,0.1139477110471539,583587.8579224008,0.5762398362225618,28.912557510268833,0.02124181016766883,38.060393072438416,1
0.07992684657314943,0.13931712469898716,1458066.240573696,0.14563508132033037,18.24601027336979,0.018932157742725258,33.636176630654504,1
0.06799900312478702,0.10298895178305117,922875.7597837439,0.5863329989443437,18.713193840778075,0.023831983260701815,35.62141552682206,1
0.04452116788027971,0.3465620473702399,1532414.9319454744,0.013416818190474399,19.363236033599698,0.03810006463016931,13.853273866994307,1
0.02261863735004789,0.13431614298575023,1152870.0575849244,0.49524697730552586,34.295671565032954,0.024004754300046303,29.233890757264867,1
0.07846772634288228,0.13192206963772626,848512.0800858549,0.08425754786122501,31.180823320580423,0.035643018308842804,22.361210275098454,1
0.045165581707749015,0.3482734734376017,791700.0482981027,0.16692829613851856,16.43204138242586,0.0805732054853598,39.03736239520927,1
0.05237176421730533,0.1701834837240338,892984.1974373887,0.00569046866928935,19.984234186323512,0.0784963489845539,15.95716714582677,1
0.026315533399705278,0.20420287548179067,851594.6950496396,0.42302941813695794,18.587780666312398,0.03485142540909083,22.577858327953216,1
0.07334417717559656,0.349490331374414,1031766.4337171629,0.5653491942811404,22.3958863486042,0.041926138606607245,11.438156598732066,1
0.01679866829670581,0.47786351025793794,900888.6397375213,0.5009683520542003,33.070467070575056,0.08471032189448978,25.952433138995698,1
0.08819578799941354,0.10752126678189594,871509.6079369886,0.5199891958194848,31.782500016268248,0.08842747693756328,27.305041846731903,1
0.0885885458664896,0.40291714421464586,1189137.6067667208,0.4387499402785196,15.960314970472204,0.08270206869893006,21.52794559911377,1
0.06297925670147489,0.20347515042665,830215.81755175,0.5188377212051478,19.033594745626907,0.02499285658850612,19.27168174750686,1
0.04732403685012663,0.31292760847672324,1260339.1056656577,0.36596638823042876,25.988989670986257,0.04520921688778692,20.835567430267616,1
0.07984434866028367,0.25442631416177824,1676961.1199003665,0.0644546679444149,25.50667755428125,0.025602617054312944,27.309525726392756,1
0.05424850200500825,0.3985942812440103,1094672.7125886173,0.2384859767069928,27.670960488006088,0.04538708339926907,20.810657223880227,1
0.040822416158852584,0.19482463307648745,741910.3788498944,0.5631095340005172,21.68599776721539,0.083929180051136,30.68866010607965,1
0.05168872807806509,0.2341618093734099,1509811.6029634662,0.13255280588461676,33.31687263027814,0.06705523177579478,22.536828374238763,1
0.0968230741496976,0.19369857762770337,704412.9992717372,0.48447070510640905,24.344287198209592,0.020749061675979973,24.56516499409221,1
0.0151736241671393,0.46868887936144277,1921413.9849192027,0.326407576980943,20.293500884573742,0.05277997393254717,12.25876688895972,1
0.02884633285201902,0.30528357222223473,1917600.553149721,0.470494840050439,33.916167098372725,0.039586428053260105,20.98194761447069,1
0.057202924196223595,0.1287409434095344,1357405.0895461198,0.4851045119603792,22.189911548899808,0.023368798099872877,16.20231778987086,1
0.09625831615507675,0.2862697635475886,920696.8090663818,0.23570390837174626,20.505181349595787,0.079970205299061,10.929933397576853,1
0.030003000153659948,0.3524415463237546,664576.8299509939,0.17156622531321208,20.878388198350056,0.075800757234581,22.40327158069472,1
0.04371258255360509,0.11546132869537998,829486.7057219543,0.22004272878052936,19.331000954321965,0.0206082808333984,19.323144685937415,0
0.027377717343087367,0.28272868257542144,1051483.991038565,0.43385667674702555,19.01486811480181,0.02937700736640686,32.89286603973653,1
0.059893934835266,0.3215351970702961,1084451.2955126236,0.2643036647771603,22.169009276964186,0.028021366649429176,25.635439632110824,1
0.07131430872014377,0.16704580435743202,857154.4899627925,0.05716415827324203,19.824495361551584,0.06998180659415397,16.36864058754822,1
0.09175756533089247,0.3188866659808004,604842.7255496219,0.5482398925532174,27.236414755053758,0.0364325464229292,14.042237777991938,1
0.04504270295194526,0.29520426413522394,1970824.8381876876,0.4225687630809501,32.76654387120249,0.07438828045242936,23.94955383159863,1
0.07683135085842704,0.2404270635578926,1153613.8752642432,0.15144286591293712,16.777218906336888,0.05871185921285185,14.195454505850133,1
0.014622225161228068,0.48064692368242923,763389.7607847338,0.09425630688563155,32.60577017124503,0.050894629914582566,30.71910027848731,1
0.022964749261999783,0.2506938017655007,1173145.6109484127,0.31818027441785357,33.50390360998534,0.04205112333154583,34.9072431737811,0
0.04597197529194736,0.47420860980655466,1545626.2301044597,0.21050419466003117,17.083241592388205,0.08456246962388948,33.96834319742092,1
0.05935245229666174,0.3551467798781295,1137651.5809617615,0.28644079862871885,27.491412796492817,0.051441075119304965,25.02367349840373,1
0.03537027118770903,0.24863472200351522,1766712.9017855404,0.09528371202843379,32.72622341863196,0.06341746461571501,27.58038548680829,0
0.042420959715023326,0.2961748333700308,994819.6318922141,0.23999481699992548,30.369127569093717,0.035847992367307166,35.68303928399181,0
0.09544377313169025,0.22503505317738137,601246.6551371407,0.3984712279782457,17.499220834572057,0.07980986481492934,23.67346617056254,1
0.0970788543113926,0.17777438799956144,1393749.5583293857,0.14596902878598736,28.846864175263704,0.061663245578521216,31.24239827761205,1
0.08250475861631071,0.32222437260641745,649333.3130242769,0.0013177398475608503,34.772464645322785,0.01759522947615265,32.677654493568454,1
0.04666321875397314,0.2527648246488733,1693570.9581963143,0.22166787571489036,22.742727811003746,0.03659274125075509,17.45648724021427,0
0.016771560206511132,0.47076175359633643,1715593.2167327025,0.23283316385680494,26.10088211730696,0.04931580844899269,28.195362923528393,1
0.030555402707113245,0.4209029951020392,775440.2400571601,0.014148304252631916,24.95603456211704,0.07160006705357108,19.44670130400329,1
0.05698192886194306,0.30718338175068005,1909319.7213903964,0.5737565063112271,28.19795124574065,0.07224191807084383,33.72196707558949,1
0.07795369451049315,0.2853651316581254,1478631.4188423296,0.22565301290724316,21.51331248495358,0.06762984099987286,26.633939752307175,1
0.06347004724419845,0.2759011085882861,1891051.2354195823,0.18611725204297336,30.19551333060249,0.08098027041587251,25.438183950507018,1
0.07047624291355835,0.14919862779843177,1057874.5837480403,0.06409245526707445,15.234043360990233,0.04748719902470504,35.17953020253441,1
0.056151641083553035,0.4127926317457752,608682.3761959967,0.5544837535906676,24.30368711201734,0.030204600885658364,22.197133432053228,1
0.04741216916035687,0.22659203288101548,1036726.3705602706,0.1666688643238964,22.89826351534627,0.043628530806169116,11.434116950886198,0
0.07574507506106895,0.46594194754303253,1417760.2230259648,0.1282189455576599,32.58573114939419,0.06733164910052393,20.221237257073746,1
0.025785040572202995,0.34768848945652087,1484047.6865071245,0.22158088353206987,20.85922105458895,0.025440662795060645,32.97924673826063,1
0.03162731488849361,0.24986745503648003,814867.1274391122,0.5839675907527017,24.056471388875757,0.03311885994693704,11.275205778969813,1
0.05438236376346957,0.14755098142157538,841040.1515103778,0.3510742385655867,28.864563334221444,0.05195393062226621,12.673079480098052,1
0.031178476540012684,0.15906593071175812,1128696.3920043476,0.09925238963430635,17.102442622464277,0.0341354910576211,15.934895307586903,0
0.072111792660349,0.45623678471748097,1103512.5414300691,0.39898191422820767,27.936485885045883,0.08422632854417712,26.685175696344306,1
0.055271864367953755,0.3858005634182994,1341796.1442678832,0.43913462910867196,16.09103062189741,0.0349183101945678,26.88781323750085,1
0.017742596057416436,0.16188510782863466,1001431.0885412437,0.04323728126904267,19.477564341036302,0.022008091391441338,22.673751185403283,0
0.09802259592489095,0.1397165722531696,1336513.0940591074,0.14294099188504034,27.515148069704573,0.0435139700598342,34.977486519715214,1
0.017354705901917136,0.23545768729946676,1081045.405948849,0.2791814825017442,21.009738627750565,0.0445186149528676,15.415641735022376,0
0.05342265235534185,0.16708778725254797,1157904.169966925,0.4843505802603058,22.841901623935733,0.02808863268605956,18.024696050650324,1
0.02823349158439581,0.3127897693338638,1316161.4917588504,0.38478102932345937,24.674870054359857,0.04748172217248416,37.97305684214204,1
0.0118385527684294,0.14888656125832578,1689264.2035964527,0.5263812525939363,27.59222583609599,0.024697276745079044,20.661193213496983,1
0.029627827911821857,0.4687586618458105,1721628.5659600554,0.531784088335459,25.330788425257026,0.06571213108719831,24.581611931894713,1
0.0728184276881903,0.4985097770127206,980847.4139716523,0.45479044597088425,28.537921981361144,0.05406783539673968,37.677868256684256,1
0.06980046236362093,0.17217110109488043,1543234.6563033857,0.1378123321455014,24.09174843802823,0.046248927520468636,13.196047094521752,1
0.038253985693273235,0.3125564129953687,694944.1275311753,0.50275328490922,27.385709088307788,0.08413525454922927,18.65842707735799,1
0.06934059716009212,0.23974860984197807,737161.9085047306,0.11850363817201898,15.688692919687348,0.015797060162226897,22.90601530381592,1
0.03887512919854359,0.4185453320013549,1267561.9879642641,0.2717537884609771,31.87192943447899,0.07138072857030424,18.804986539852322,1
0.08503355323723469,0.22545242679756985,1238126.6014322164,0.5460557662072778,17.35336502120754,0.06823160187776582,23.360660093307587,1
0.08175986889715674,0.28812782896533606,1762587.372174321,0.13686095650250937,22.18492438000213,0.06690539938108751,34.64892998084203,1
0.03315172701998842,0.45186435541010483,896570.1449299874,0.24918892189671954,18.926680691010795,0.052351403045902044,14.45893978796791,1
0.05875148285881324,0.10677837635180301,1695442.1880548564,0.13487598123719072,30.060036415281346,0.04587997727548069,34.59442440444444,1
0.01792890023294484,0.43482657009451076,1817924.1920145776,0.5057391039867117,27.980584139741715,0.024266698076730746,21.770162871090484,1
0.06573291812248824,0.4496898357248107,1247996.0949324379,0.32854080135924574,19.37985204981228,0.037541456825676146,13.375126900904526,1
0.09202915398763473,0.3448893955649359,1468647.8449268905,0.4801030724280689,31.994015301366144,0.07167785731107189,21.010772045014413,1
0.025057601823716753,0.3524131007985257,1669782.3295333264,0.3170383894218987,28.213653939847312,0.0889593584324543,39.5052537735493,1
0.010811694307041068,0.46543482227855293,1530584.2299838946,0.44713724220945633,26.75438940007135,0.0685441851669204,21.833886489100877,1
0.09121328711556229,0.21803959648450777,963915.842025975,0.35541834603259337,31.322430879055382,0.0533325263191377,30.762782165266444,1
0.06423902664783186,0.4141872306241734,840160.1972463864,0.42166218217057067,33.156394673747556,0.03451401125710118,35.348752574307724,1
0.07487419579776286,0.2655569702169829,1469454.492850549,0.5867585539249487,15.800604274798483,0.053834450659978855,38.64850634749831,1
0.02056690322623616,0.3324347837566873,1309590.8893573922,0.030362133078737627,25.89917399029077,0.032938307161637016,22.87470917714689,1
0.02475895235147959,0.4827112600338782,1303309.3062830179,0.5166375441836686,30.05048313552031,0.0718640649326257,32.619619423902975,1
0.0674633884702284,0.29934248538809705,1377485.0912249053,0.5878084483857667,28.210248759500203,0.060940921622899435,12.764290691379829,1
0.02488966917607381,0.3894698867552582,1770682.394124043,0.1636685291258179,27.536166585983292,0.05701780475000657,12.368670956615993,1
0.027647828184374466,0.40406363503220577,1844503.4620771352,0.5922789563606325,20.229444602228433,0.07785164282830058,37.129822980354206,1
0.03530747617481101,0.3722095665348353,1878374.005357445,0.594204613553208,19.631164403031647,0.0844722017033768,37.86519194278527,1
0.033012241356025214,0.2834060132323629,1273399.7044027576,0.04347635460634853,17.452412380023556,0.026654777497221227,35.82373134948833,0
0.04202844334259837,0.4430818099008026,1246116.986572605,0.1517812431754442,15.699173088182281,0.08739391974864336,14.863882906626127,1
0.030773664333708706,0.1959429034338574,1739308.480328262,0.24625745343790365,25.438347564053863,0.019983050907888336,10.21953129416816,0
0.08899385842011892,0.2914070965616752,1538607.4037846462,0.2700292438819247,33.297003852603495,0.02386694531587625,32.361114099756406,1
0.05838039269141814,0.48953952168137704,1602182.919938181,0.5851550543885108,25.143497892959513,0.05573523152700504,17.556057092374367,1
0.06278999371427942,0.22111010170124465,628846.6228164941,0.31922009205458696,17.461517907436207,0.03406764341614608,24.605402711521418,1
0.019280459994882322,0.2613577819138525,585428.777608059,0.3857866100228565,17.706913818147843,0.06938634274897809,38.31721969702085,0
0.05930824632252504,0.376620629943046,616545.1285816907,0.2808454454866736,21.223598645451677,0.06166240808933404,27.67784908392565,1
0.07529008868537936,0.4095397767256932,1668921.9666557529,0.26955615895956825,19.119021570463815,0.043568030314133574,21.090486511890035,1
0.025994533489142206,0.46047905153590774,884223.1059803214,0.019572040904525023,19.33663831672374,0.07709019912128134,37.72197478468745,1
0.03963530030468936,0.3879383309549509,1142376.4246658129,0.2238691942026784,27.942238626458334,0.07303406372620407,18.39460714105523,1
0.035351988677414084,0.14680326203228972,1054428.3091361164,0.5687835641376036,21.518888747282492,0.028847042765696752,34.11781140506605,1
0.06542524661731157,0.39577536858019724,1881879.0814500272,0.5014906939458238,33.766626012014214,0.028150954111908585,15.134319301529258,1
0.09347109650983192,0.15416779615174445,1191955.4329324444,0.17566558824831033,25.151303817532696,0.07717218397099983,30.72848509540227,1
0.07323868610783954,0.2992065388481301,1378566.2804992953,0.05186006330241126,25.388265596230333,0.07272174600906094,27.53992370422887,1
0.058176565863574635,0.17957357189431744,513651.1886460817,0.46588996217503065,16.70897690377621,0.045850274214265296,36.64612893008936,1
0.06078411220106162,0.10854965482164994,987058.0780160183,0.287092976284332,22.321079836327364,0.07634132862430558,23.84244140743187,1
0.03289718839938548,0.36426890378870735,1651916.4918334452,0.022290568239276044,17.812491338979644,0.0747663742909662,16.187023476113733,1
0.04620561549851199,0.33433560881130864,808596.5297964504,0.405936824478422,21.418036366635825,0.06836878547597629,27.54376509026486,1
0.06408486744526799,0.30021296564669414,843682.7165712041,0.175526004572911,29.591622104483342,0.06028668278701776,11.170339983436815,1
0.017613896683678992,0.22727897975336186,1005281.4035257299,0.37272295135577727,21.135681970082985,0.07355138225995292,16.196983991308812,0
0.02172144486374638,0.4728910557233599,519260.4753746111,0.2993322528055777,20.897858119104832,0.03753905227684677,31.547729835831795,1
0.07703855815304529,0.3694357471906323,1946518.096912873,0.21367410092281058,24.49556333429702,0.013929242998610576,16.7538351525609,1
0.027200454043709132,0.31105156382820043,800279.3347008694,0.5377939124949606,33.50537192527976,0.01311573182793925,20.075305852782627,1
0.06424302641439925,0.3080370269902447,862468.1530847885,0.5054271349101588,30.16651377105163,0.05486786091369684,18.920717855634482,1
0.07132485823347783,0.4598824623822434,1846616.412305745,0.12436503126774238,32.17330702237189,0.019191412118993584,27.828472156710728,1
0.01884464541652895,0.329228101275045,1669524.6587399784,0.4188425806403721,20.264103837804388,0.0826561038124119,18.169087424126765,1
0.022889023746410955,0.23786253837370036,1557963.9962582649,0.022638631331492243,20.853426494921045,0.019212057993595755,21.2503864163333,0
0.045804387141119694,0.33975287332773774,1681908.7131811115,0.2684209210550574,19.262842063103665,0.08364084945663734,15.478855506310278,1
0.08387745096729467,0.17113335999132478,1609927.502303199,0.16855398821361617,23.58656691177272,0.04560267953584418,15.51297110451645,1
0.06538437413006568,0.4870861481496763,1665936.303784178,0.23973217080675432,19.65409950495275,0.03792541841582327,15.08378547887876,1
0.014739484044756468,0.4746080236026462,1823337.4492809821,0.04880010315314245,23.8539096255154,0.05134541515727002,34.89408911060216,1
0.015627166745283996,0.32574253050151103,888650.7514733544,0.5855023138720981,21.503432527559653,0.01798982414441923,15.271903832608702,1
0.08473216716400218,0.40860307693175757,1853382.4856599178,0.43352480273062505,33.368881056439314,0.04858566560980628,36.731285861247486,1
0.022738605937951184,0.3383815562180328,614455.7031410848,0.14809609828196954,17.641823309250974,0.04414710441557328,29.49664948074468,1
0.03747290892834524,0.449279400709633,1041244.5040348327,0.23633861513737964,16.67000535360712,0.05953102669145925,26.69771437029779,1
0.045450321819879715,0.4989391157999542,1505567.5499739265,0.06973100878216877,32.712119249548735,0.05297184970778894,33.14542835768685,1
0.026914039840815987,0.36989507378440445,1273852.3339567855,0.018049307452169126,30.09958238752453,0.08807927387143728,19.95928806842811,1
0.07691722229689424,0.32638830694609033,1732734.0324501097,0.3658052635557687,26.104224213315277,0.054630609147113686,21.887242179596548,1
0.06496233422181916,0.25737968543756906,1203005.4522187756,0.29472397007186163,16.924731267875803,0.07243279430065806,17.544436813349446,1
0.0926278002997737,0.23771839571805795,1426718.021434579,0.13607392775235283,18.201569762118286,0.08718561476522904,36.928189192171835,1
0.036733204952287365,0.23371652330772,1919226.7352044368,0.33878823128775304,31.948987922259636,0.04568251195075201,18.851889268962687,0
0.046085390273562545,0.1520562041518121,625764.8798825722,0.2085108106563205,16.60486151184492,0.03184255103612469,23.10943842282659,0
